<?xmlversion="1.0"encoding="iso-8859-1"standalone="no" ?>
<automotive_suite_params>

	<iu456_camera>
		<mode>0x2D03</mode>
	</iu456_camera>

	<skv_recorder>
		<autosave_after_x_frames>2000</autosave_after_x_frames>
		<frames_per_second>1000</frames_per_second>
	</skv_recorder>

	<skv_shadowcopy>
		<run_at_startup>false</run_at_startup>
		<number_of_frames_per_movie>1000</number_of_frames_per_movie>
		<number_of_movies>1</number_of_movies>
	</skv_shadowcopy>

	<roi_frame>
		<offset_x>320</offset_x>
		<offset_y>240</offset_y>
		<crop_width>320</crop_width>
	</roi_frame>

	<FAUT>
		<rot90>0</rot90>
		<angle>50.0</angle>
		<norm_algorithm>2</norm_algorithm>
		<norm_factor>500000</norm_factor>
		<orient_thresh_X_1>40.0</orient_thresh_X_1>
		<orient_thresh_X_2>40.0</orient_thresh_X_2>
		<orient_thresh_Y_1>45.0</orient_thresh_Y_1>
		<orient_thresh_Y_2>45.0</orient_thresh_Y_2>
		<face_auth_thresh>0.16</face_auth_thresh>
	</FAUT>	

	<last_used_path>
		<params_xml/>
		<load_movie/>
		<icm_settings/>
		<icm_cabin/>
	</last_used_path>

</automotive_suite_params>
